Geography,Population Estimate (as of July 1) - 2016 - Both Sexes; Total,Population Estimate (as of July 1) - 2016 - Male; Total,Population Estimate (as of July 1) - 2016 - Female; Total,Population Estimate (as of July 1) - 2016 - Both Sexes; Total - Under 5 years,Population Estimate (as of July 1) - 2016 - Male; Total - Under 5 years,Population Estimate (as of July 1) - 2016 - Female; Total - Under 5 years,Population Estimate (as of July 1) - 2016 - Both Sexes; Total - 5 to 9 years,Population Estimate (as of July 1) - 2016 - Male; Total - 5 to 9 years,Population Estimate (as of July 1) - 2016 - Female; Total - 5 to 9 years,Population Estimate (as of July 1) - 2016 - Both Sexes; Total - 10 to 14 years,Population Estimate (as of July 1) - 2016 - Male; Total - 10 to 14 years,Population Estimate (as of July 1) - 2016 - Female; Total - 10 to 14 years,Population Estimate (as of July 1) - 2016 - Both Sexes; Total - 15 to 19 years,Population Estimate (as of July 1) - 2016 - Male; Total - 15 to 19 years,Population Estimate (as of July 1) - 2016 - Female; Total - 15 to 19 years,Population Estimate (as of July 1) - 2016 - Both Sexes; Total - 20 to 24 years,Population Estimate (as of July 1) - 2016 - Male; Total - 20 to 24 years,Population Estimate (as of July 1) - 2016 - Female; Total - 20 to 24 years,Population Estimate (as of July 1) - 2016 - Both Sexes; Total - 25 to 29 years,Population Estimate (as of July 1) - 2016 - Male; Total - 25 to 29 years,Population Estimate (as of July 1) - 2016 - Female; Total - 25 to 29 years,Population Estimate (as of July 1) - 2016 - Both Sexes; Total - 30 to 34 years,Population Estimate (as of July 1) - 2016 - Male; Total - 30 to 34 years,Population Estimate (as of July 1) - 2016 - Female; Total - 30 to 34 years,Population Estimate (as of July 1) - 2016 - Both Sexes; Total - 35 to 39 years,Population Estimate (as of July 1) - 2016 - Male; Total - 35 to 39 years,Population Estimate (as of July 1) - 2016 - Female; Total - 35 to 39 years,Population Estimate (as of July 1) - 2016 - Both Sexes; Total - 40 to 44 years,Population Estimate (as of July 1) - 2016 - Male; Total - 40 to 44 years,Population Estimate (as of July 1) - 2016 - Female; Total - 40 to 44 years,Population Estimate (as of July 1) - 2016 - Both Sexes; Total - 45 to 49 years,Population Estimate (as of July 1) - 2016 - Male; Total - 45 to 49 years,Population Estimate (as of July 1) - 2016 - Female; Total - 45 to 49 years,Population Estimate (as of July 1) - 2016 - Both Sexes; Total - 50 to 54 years,Population Estimate (as of July 1) - 2016 - Male; Total - 50 to 54 years,Population Estimate (as of July 1) - 2016 - Female; Total - 50 to 54 years,Population Estimate (as of July 1) - 2016 - Both Sexes; Total - 55 to 59 years,Population Estimate (as of July 1) - 2016 - Male; Total - 55 to 59 years,Population Estimate (as of July 1) - 2016 - Female; Total - 55 to 59 years,Population Estimate (as of July 1) - 2016 - Both Sexes; Total - 60 to 64 years,Population Estimate (as of July 1) - 2016 - Male; Total - 60 to 64 years,Population Estimate (as of July 1) - 2016 - Female; Total - 60 to 64 years,Population Estimate (as of July 1) - 2016 - Both Sexes; Total - 65 to 69 years,Population Estimate (as of July 1) - 2016 - Male; Total - 65 to 69 years,Population Estimate (as of July 1) - 2016 - Female; Total - 65 to 69 years,Population Estimate (as of July 1) - 2016 - Both Sexes; Total - 70 to 74 years,Population Estimate (as of July 1) - 2016 - Male; Total - 70 to 74 years,Population Estimate (as of July 1) - 2016 - Female; Total - 70 to 74 years,Population Estimate (as of July 1) - 2016 - Both Sexes; Total - 75 to 79 years,Population Estimate (as of July 1) - 2016 - Male; Total - 75 to 79 years,Population Estimate (as of July 1) - 2016 - Female; Total - 75 to 79 years,Population Estimate (as of July 1) - 2016 - Both Sexes; Total - 80 to 84 years,Population Estimate (as of July 1) - 2016 - Male; Total - 80 to 84 years,Population Estimate (as of July 1) - 2016 - Female; Total - 80 to 84 years,Population Estimate (as of July 1) - 2016 - Both Sexes; Total - 85 years and over,Population Estimate (as of July 1) - 2016 - Male; Total - 85 years and over,Population Estimate (as of July 1) - 2016 - Female; Total - 85 years and over,Population Estimate (as of July 1) - 2016 - Both Sexes; Under 18 years,Population Estimate (as of July 1) - 2016 - Male; Under 18 years,Population Estimate (as of July 1) - 2016 - Female; Under 18 years,Population Estimate (as of July 1) - 2016 - Both Sexes; Under 18 years - Under 5 years,Population Estimate (as of July 1) - 2016 - Male; Under 18 years - Under 5 years,Population Estimate (as of July 1) - 2016 - Female; Under 18 years - Under 5 years,Population Estimate (as of July 1) - 2016 - Both Sexes; Under 18 years - 5 to 13 years,Population Estimate (as of July 1) - 2016 - Male; Under 18 years - 5 to 13 years,Population Estimate (as of July 1) - 2016 - Female; Under 18 years - 5 to 13 years,Population Estimate (as of July 1) - 2016 - Both Sexes; Under 18 years - 14 to 17 years,Population Estimate (as of July 1) - 2016 - Male; Under 18 years - 14 to 17 years,Population Estimate (as of July 1) - 2016 - Female; Under 18 years - 14 to 17 years,Population Estimate (as of July 1) - 2016 - Both Sexes; 18 to 64 years,Population Estimate (as of July 1) - 2016 - Male; 18 to 64 years,Population Estimate (as of July 1) - 2016 - Female; 18 to 64 years,Population Estimate (as of July 1) - 2016 - Both Sexes; 18 to 64 years - 18 to 24 years,Population Estimate (as of July 1) - 2016 - Male; 18 to 64 years - 18 to 24 years,Population Estimate (as of July 1) - 2016 - Female; 18 to 64 years - 18 to 24 years,Population Estimate (as of July 1) - 2016 - Both Sexes; 18 to 64 years - 25 to 44 years,Population Estimate (as of July 1) - 2016 - Male; 18 to 64 years - 25 to 44 years,Population Estimate (as of July 1) - 2016 - Female; 18 to 64 years - 25 to 44 years,Population Estimate (as of July 1) - 2016 - Both Sexes; 18 to 64 years - 45 to 64 years,Population Estimate (as of July 1) - 2016 - Male; 18 to 64 years - 45 to 64 years,Population Estimate (as of July 1) - 2016 - Female; 18 to 64 years - 45 to 64 years,Population Estimate (as of July 1) - 2016 - Both Sexes; 65 years and over,Population Estimate (as of July 1) - 2016 - Male; 65 years and over,Population Estimate (as of July 1) - 2016 - Female; 65 years and over,Population Estimate (as of July 1) - 2016 - Both Sexes; 85 years and over,Population Estimate (as of July 1) - 2016 - Male; 85 years and over,Population Estimate (as of July 1) - 2016 - Female; 85 years and over,Population Estimate (as of July 1) - 2016 - Both Sexes; 16 years and over,Population Estimate (as of July 1) - 2016 - Male; 16 years and over,Population Estimate (as of July 1) - 2016 - Female; 16 years and over,Population Estimate (as of July 1) - 2016 - Both Sexes; 18 years and over,Population Estimate (as of July 1) - 2016 - Male; 18 years and over,Population Estimate (as of July 1) - 2016 - Female; 18 years and over,Population Estimate (as of July 1) - 2016 - Both Sexes; 15 to 44 years,Population Estimate (as of July 1) - 2016 - Male; 15 to 44 years,Population Estimate (as of July 1) - 2016 - Female; 15 to 44 years,Population Estimate (as of July 1) - 2016 - Both Sexes; Median age (years),Population Estimate (as of July 1) - 2016 - Male; Median age (years),Population Estimate (as of July 1) - 2016 - Female; Median age (years)
Alabama,4864745,2356253,2508492,294067,149446,144621,303877,154964,148913,306543,156304,150239,320955,162998,157957,336521,170025,166496,332662,164884,167778,303363,148125,155238,300325,146029,154296,293848,142609,151239,311805,152080,159725,332038,161072,170966,338484,162374,176110,306321,144550,161771,271229,126657,144572,192882,87617,105265,138609,60052,78557,93849,37955,55894,87367,28512,58855,1099327,559771,539556,294067,149446,144621,548918,279991,268927,256342,130334,126008,2981482,1455689,1525793,462636,233966,228670,1230198,601647,628551,1288648,620076,668572,783936,340793,443143,87367,28512,58855,3895438,1862533,2032905,3765418,1796482,1968936,1887674,934670,953004,38.9,37.4,40.3
Alaska,741504,388088,353416,54835,27991,26844,52549,27199,25350,49564,25410,24154,47293,24888,22405,57082,32790,24292,62775,33744,29031,57819,30479,27340,49247,25731,23516,42892,22518,20374,44974,23569,21405,48902,25500,23402,50817,26406,24411,44488,22874,21614,33041,17306,15735,20024,10305,9719,11852,5851,6001,7025,3113,3912,6325,2414,3911,186810,96056,90754,54835,27991,26844,92342,47603,44739,39633,20462,19171,476427,253043,223384,74513,42222,32291,212733,112472,100261,189181,98349,90832,78267,38989,39278,6325,2414,3911,574688,302402,272286,554694,292032,262662,317108,170150,146958,34.0,33.6,34.5
Arizona,6945452,3452831,3492621,437334,223791,213543,457434,232724,224710,461181,234969,226212,468199,239753,228446,489619,255058,234561,489168,254223,234945,456678,235286,221392,436670,221462,215208,413956,207737,206219,422185,210728,211457,425160,209295,215865,431347,207446,223901,398785,186694,212091,384496,180494,204002,292338,137303,155035,209285,98532,110753,137856,63808,74048,133761,53528,80233,1636047,834035,802012,437334,223791,213543,827755,421571,406184,370958,188673,182285,4151669,2085131,2066538,677720,352260,325460,1796472,918708,877764,1677477,814163,863314,1157736,533665,624071,133761,53528,80233,5496511,2714050,2782461,5309405,2618796,2690609,2754290,1413519,1340771,37.3,36.1,38.7
Arkansas,2990410,1469237,1521173,191428,98540,92888,196941,100465,96476,197294,100877,96417,198724,101642,97082,205074,104650,100424,202144,101525,100619,190418,95275,95143,187282,93512,93770,177390,87793,89597,182821,90495,92326,195720,96173,99547,197463,96134,101329,180296,85559,94737,163249,76921,86328,120121,55562,64559,87287,39262,48025,59143,24902,34241,57615,19950,37665,706077,361567,344510,191428,98540,92888,355292,181542,173750,159357,81485,77872,1796918,891073,905845,283384,144607,138777,757234,378105,379129,756300,368361,387939,487415,216597,270818,57615,19950,37665,2364877,1148819,1216058,2284333,1107670,1176663,1161032,584397,576635,37.9,36.6,39.3
California,39209127,19481988,19727139,2487395,1272967,1214428,2535526,1295659,1239867,2519618,1284782,1234836,2579928,1318360,1261568,2809128,1452417,1356711,3073977,1587461,1486516,2864606,1468579,1396027,2653939,1341705,1312234,2507235,1252085,1255150,2596676,1297357,1299319,2582589,1282270,1300319,2510275,1230146,1280129,2168334,1038722,1129612,1811319,851656,959663,1261426,578392,683034,892595,396943,495652,634367,269103,365264,720194,263384,456810,9086671,4642878,4443793,2487395,1272967,1214428,4560002,2328073,2231929,2039274,1041838,997436,24802555,12479632,12322923,3844924,1981307,1863617,11099757,5649830,5449927,9857874,4848495,5009379,5319901,2359478,2960423,720194,263384,456810,31156293,15367869,15788424,30122456,14839110,15283346,16488813,8420607,8068206,36.3,35.2,37.5
Colorado,5540921,2787010,2753911,335639,171230,164409,354955,182181,172774,360874,184543,176331,354348,182410,171938,381331,201013,180318,428468,222937,205531,422872,219633,203239,390056,200057,189999,356718,183486,173232,360174,183369,176805,357237,177274,179963,369253,181279,187974,329524,159781,169743,277271,134066,143205,179170,84749,94421,118346,53993,64353,79986,34681,45305,84699,30328,54371,1263028,646099,616929,335639,171230,164409,645456,330712,314744,281933,144157,137776,3538421,1803094,1735327,524119,275278,248841,1598114,826113,772001,1416188,701703,714485,739472,337817,401655,84699,30328,54371,4418136,2212768,2205368,4277893,2140911,2136982,2333793,1209536,1124257,36.6,35.7,37.6
Connecticut,3578674,1745576,1833098,184766,94413,90353,202049,103151,98898,221911,113278,108633,247268,126213,121055,246934,127717,119217,218410,112770,105640,219890,109804,110086,212438,104259,108179,210230,102403,107827,249417,120926,128491,274338,133011,141327,272882,132441,140441,231142,111337,119805,189852,88886,100966,138922,63755,75167,95256,41572,53684,71218,28906,42312,91751,30734,61017,751883,384262,367621,184766,94413,90353,378556,193093,185463,188561,96756,91805,2239792,1107461,1132331,351045,180510,170535,860968,429236,431732,1027779,497715,530064,586999,253853,333146,91751,30734,61017,2923359,1410764,1512595,2826791,1361314,1465477,1355170,683166,672004,40.9,39.1,42.6
Delaware,949216,459131,490085,55009,27881,27128,56527,28458,28069,57155,28943,28212,59920,30269,29651,60195,30624,29571,67070,33629,33441,60018,29889,30129,56352,27420,28932,52787,25654,27133,60459,29046,31413,66767,32085,34682,67766,31976,35790,62286,28863,33423,57919,26859,31060,42076,19400,22676,28694,12978,15716,19149,8229,10920,19067,6928,12139,203633,103105,100528,55009,27881,27128,102313,51584,50729,46311,23640,22671,578678,281632,297046,85173,43070,42103,236227,116592,119635,257278,121970,135308,166905,74394,92511,19067,6928,12139,769026,368004,401022,745583,356026,389557,356342,177485,178857,40.2,38.5,41.9
District of Columbia,686575,325859,360716,44878,22726,22152,34288,17263,17025,26646,13325,13321,36851,17551,19300,54446,24930,29516,82926,37973,44953,77820,37211,40609,57527,28415,29112,41644,20859,20785,38684,19482,19202,38493,19312,19181,37048,18046,19002,33302,15167,18135,28247,12458,15789,19081,8133,10948,13408,5590,7818,9383,3586,5797,11903,3832,8071,121675,61388,60287,44878,22726,22152,55890,28124,27766,20907,10538,10369,482878,230872,252006,75434,34407,41027,259917,124458,135459,147527,72007,75520,82022,33599,48423,11903,3832,8071,575486,269893,305593,564900,264471,300429,351214,166939,184275,34.0,33.8,34.1
Florida,20629982,10088662,10541320,1125998,576604,549394,1145534,584529,561005,1159179,591232,567947,1197591,613717,583874,1282152,657134,625018,1394993,710559,684434,1297561,653763,643798,1243930,619001,624929,1234469,609505,624964,1331095,656984,674111,1431582,698996,732586,1419013,678748,740265,1299476,603812,695664,1259891,585223,674668,998350,462565,535785,742980,340538,402442,520450,231913,288537,545738,213839,331899,4159335,2123775,2035560,1125998,576604,549394,2072039,1057061,1014978,961298,490110,471188,12403238,6130809,6272429,1751119,899441,851678,5170953,2592828,2578125,5481166,2638540,2842626,4067409,1834078,2233331,545738,213839,331899,16959370,8214146,8745224,16470647,7964887,8505760,7650696,3863679,3787017,41.9,40.3,43.5
Georgia,10304763,5016351,5288412,659787,335926,323861,698313,356241,342072,714150,363112,351038,716461,365521,350940,723353,369193,354160,734411,365882,368529,691447,338565,352882,685950,331898,354052,676125,326130,349995,708778,345897,362881,706105,342726,363379,664822,319115,345707,570653,266720,303933,496504,228546,267958,341742,155351,186391,228878,100294,128584,148229,59692,88537,139055,45542,93513,2507956,1277401,1230555,659787,335926,323861,1269953,646912,623041,578216,294563,283653,6442399,3149525,3292874,1004108,512592,491516,2787933,1362475,1425458,2650358,1274458,1375900,1354408,589425,764983,139055,45542,93513,8086840,3887070,4199770,7796807,3738950,4057857,4227747,2097189,2130558,36.5,35.2,37.8
Hawaii,1428105,717577,710528,91479,46922,44557,86564,44486,42078,81793,42036,39757,77952,40266,37686,97487,54461,43026,106475,56330,50145,101323,52302,49021,93332,47620,45712,84068,42557,41511,87391,43920,43471,90089,44958,45131,93312,46072,47240,90319,44038,46281,81545,39837,41708,58103,27943,30160,38241,17420,20821,28624,11946,16678,40008,14463,25545,307485,157769,149716,91479,46922,44557,152715,78590,74125,63291,32257,31034,874099,448199,425900,127790,70402,57388,385198,198809,186389,361111,178988,182123,246521,111609,134912,40008,14463,25545,1152275,576054,576221,1120620,559808,560812,560637,293536,267101,38.7,37.2,40.4
Idaho,1682930,842975,839955,114745,58220,56525,123004,62704,60300,125303,64071,61232,120779,61766,59013,112424,59039,53385,112158,56858,55300,109006,55274,53732,108863,55177,53686,98164,49780,48384,98203,49607,48596,100505,49684,50821,106767,52321,54446,100604,49252,51352,89658,44076,45582,63153,30794,32359,43351,20760,22591,28360,12992,15368,27883,10600,17283,438261,223380,214881,114745,58220,56525,223865,114295,109570,99651,50865,48786,992264,500373,491891,157994,82420,75574,428191,217089,211102,406079,200864,205215,252405,119222,133183,27883,10600,17283,1294690,645206,649484,1244669,619595,625074,661394,337894,323500,36.1,35.3,36.8
Illinois,12826895,6300726,6526169,778986,397910,381076,805267,410766,394501,832390,425235,407155,843490,431263,412227,880589,447720,432869,898534,455323,443211,882743,444265,438478,847480,423948,423532,796604,396317,400287,838494,415321,423173,872385,429488,442897,885807,431933,453874,770175,369731,400444,640548,301350,339198,442736,201643,241093,318874,138444,180430,227736,92511,135225,264057,87558,176499,2929942,1495440,1434502,778986,397910,381076,1471304,751033,720271,679652,346497,333155,8003002,3983780,4019222,1210780,617454,593326,3425361,1719853,1705508,3366861,1646473,1720388,1893951,821506,1072445,264057,87558,176499,10240118,4980309,5259809,9896953,4805286,5091667,5149440,2598836,2550604,37.8,36.6,39.1
Indiana,6633344,3270035,3363309,420723,216147,204576,434930,221735,213195,444594,227705,216889,457320,234082,223238,481397,246952,234445,437856,220408,217448,418221,209179,209042,416707,208355,208352,398247,198656,199591,420828,210438,210390,444673,219608,225065,457370,224304,233066,406156,196560,209596,342890,162641,180249,235109,108319,126790,169164,74307,94857,118044,47909,70135,129115,42730,86385,1575825,806354,769471,420723,216147,204576,791003,404196,386807,364099,186011,178088,4063197,2027775,2035422,663139,340267,322872,1671031,836598,834433,1729027,850910,878117,994322,435906,558416,129115,42730,86385,5241731,2557745,2683986,5057519,2463681,2593838,2609748,1317632,1292116,37.6,36.4,38.9
Iowa,3131785,1557278,1574507,198280,101490,96790,204679,104891,99788,204459,104536,99923,214509,109636,104873,231636,119817,111819,194879,100373,94506,198980,101677,97303,193981,98618,95363,173363,87750,85613,186172,93993,92179,202732,101073,101659,217367,107854,109513,198331,98278,100053,167028,81385,85643,113004,53305,59699,87026,38947,48079,66068,27314,38754,79291,26341,52950,731080,374130,356950,198280,101490,96790,368930,188829,180101,163870,83811,80059,1888288,955856,932432,322483,166240,156243,761203,388418,372785,804602,401198,403404,512417,227292,285125,79291,26341,52950,2483516,1225490,1258026,2400705,1183148,1217557,1207348,617871,589477,38.0,36.8,39.3
Kansas,2911263,1450477,1460786,195192,99548,95644,202024,103261,98763,199396,101893,97503,200895,103974,96921,219297,115348,103949,191847,99679,92168,193679,98178,95501,183950,93397,90553,164156,83014,81142,168880,84857,84023,184261,91355,92906,195410,95515,99895,175977,85969,90008,145974,70835,75139,98798,46291,52507,72352,32261,40091,54575,22785,31790,64600,22317,42283,716983,366735,350248,195192,99548,95644,362339,185089,177250,159452,82098,77354,1757981,889253,868728,299821,157289,142532,733632,374268,359364,724528,357696,366832,436299,194489,241810,64600,22317,42283,2274717,1125250,1149467,2194280,1083742,1110538,1153824,593590,560234,36.4,35.2,37.7
Kentucky,4438229,2186164,2252065,276708,142046,134662,279254,142908,136346,282431,144348,138083,287521,147446,140075,307035,159668,147367,298390,151136,147254,276901,139290,137611,281570,140794,140776,271478,135612,135866,288205,143270,144935,307431,150785,156646,310121,150258,159863,279747,133894,145853,244480,116041,128439,167352,77158,90194,120451,53055,67396,80285,32679,47606,78869,25776,53093,1012184,518453,493731,276708,142046,134662,505862,258639,247223,229614,117768,111846,2734608,1363002,1371606,420765,217963,202802,1128339,566832,561507,1185504,578207,607297,691437,304709,386728,78869,25776,53093,3542492,1727440,1815052,3426045,1667711,1758334,1722895,873946,848949,38.7,37.3,40.1
Louisiana,4678215,2287993,2390222,312177,159060,153117,311007,158220,152787,304099,155209,148890,301251,153587,147664,327442,166874,160568,349435,174988,174447,330833,164697,166136,303790,150925,152865,268394,132616,135778,283301,138379,144922,307129,148898,158231,317797,153028,164769,284373,135605,148768,239186,112260,126926,163393,74346,89047,116567,50620,65947,79432,31985,47447,78609,26696,51913,1113728,567633,546095,312177,159060,153117,554855,282690,272165,246696,125883,120813,2887300,1424453,1462847,442248,225317,216931,1252452,623226,629226,1192600,575910,616690,677187,295907,381280,78609,26696,51913,3689143,1783988,1905155,3564487,1720360,1844127,1881145,943687,937458,36.6,35.4,37.9
Maine,1331370,651870,679500,64503,33235,31268,69410,35440,33970,73520,37779,35741,80164,41284,38880,77537,39656,37881,78779,39869,38910,76958,38120,38838,75256,37204,38052,76077,37269,38808,89336,43861,45475,101430,49583,51847,108656,52605,56051,101337,48856,52481,90562,43838,46724,61730,29538,32192,42495,19223,23272,30794,13272,17522,32826,11238,21588,254618,130701,123917,64503,33235,31268,128252,65705,62547,61863,31761,30102,818345,404060,414285,110516,56693,53823,307070,152462,154608,400759,194905,205854,258407,117109,141298,32826,11238,21588,1108715,537593,571122,1076752,521169,555583,464771,233402,231369,44.6,43.2,45.8
Maryland,6004692,2910818,3093874,366829,187155,179674,374396,191197,183199,372893,189859,183034,384680,196153,188527,388660,198427,190233,418493,209582,208911,411668,202558,209110,392098,191703,200395,368401,178133,190268,412723,198522,214201,442744,212571,230173,430886,205982,224904,364138,170632,193506,305274,140616,164658,210872,95094,115778,144906,62911,81995,100251,41056,59195,114780,38667,76113,1345271,686097,659174,366829,187155,179674,673155,343253,329902,305287,155689,149598,3783338,1846377,1936961,542187,276694,265493,1590660,781976,808684,1650491,787707,862784,876083,378344,497739,114780,38667,76113,4814050,2303602,2510448,4659421,2224721,2434700,2364000,1176556,1187444,38.6,37.0,40.1
Massachusetts,6826022,3311799,3514223,362652,185216,177436,373069,190605,182464,392072,199723,192349,457380,229815,227565,495403,248002,247401,496729,249673,247056,465664,231738,233926,420539,206872,213667,405377,197674,207703,462206,224061,238145,499128,242829,256299,491667,237904,253763,426489,202981,223508,363670,170164,193506,250978,114152,136826,173606,75228,98378,130132,52814,77318,159261,52348,106913,1378491,703856,674635,362652,185216,177436,685480,349931,335549,330359,168709,161650,4369884,2143237,2226647,702085,349505,352580,1788309,885957,902352,1879490,907775,971715,1077647,464706,612941,159261,52348,106913,5616247,2694294,2921953,5447531,2607943,2839588,2741092,1363774,1377318,39.4,37.8,40.9
Michigan,9951890,4897215,5054675,573613,293471,280142,594939,304449,290490,626297,320021,306276,669669,341894,327775,717195,367396,349799,655322,334043,321279,593783,298463,295320,585422,290793,294629,575179,284372,290807,648883,321275,327608,699934,345275,354659,732977,357827,375150,660596,318456,342140,560134,266591,293543,385835,180137,205698,269632,120768,148864,189532,78648,110884,212948,73336,139612,2194559,1122064,1072495,573613,293471,280142,1094349,559635,534714,526597,268958,257639,6139250,3055671,3083579,987154,505167,481987,2409706,1207671,1202035,2742390,1342833,1399557,1618081,719480,898601,212948,73336,139612,8025325,3912058,4113267,7757331,3775151,3982180,3796570,1916961,1879609,39.6,38.2,41.1
Minnesota,5523409,2749133,2774276,352949,180536,172413,361147,184249,176898,362123,184846,177277,356475,181663,174812,366467,186381,180086,364551,187557,176994,384701,194596,190105,361358,183903,177455,317211,160499,156712,346621,174679,171942,380828,190092,190736,396262,196695,199567,343230,169642,173588,281182,136762,144420,190235,90141,100094,138573,62880,75693,100525,42967,57558,118971,41045,77926,1291882,659985,631897,352949,180536,172413,652775,333065,319710,286158,146384,139774,3402041,1715353,1686688,507279,257690,249589,1427821,726555,701266,1466941,731108,735833,829486,373795,455691,118971,41045,77926,4375200,2162647,2212553,4231527,2089148,2142379,2150763,1094599,1056164,37.8,36.9,38.8
Mississippi,2988298,1449460,1538838,189922,96223,93699,203316,103855,99461,202731,103634,99097,208220,106174,102046,215303,109075,106228,203842,101430,102412,189289,92567,96722,187731,91590,96141,177787,85753,92034,184822,89506,95316,195137,94151,100986,200628,95840,104788,180233,84784,95449,156693,73535,83158,108831,49595,59236,79688,34368,45320,53042,20923,32119,51083,16457,34626,721031,367662,353369,189922,96223,93699,366277,187196,179081,164832,84243,80589,1817930,886920,931010,298461,151299,147162,758649,371340,387309,760820,364281,396539,449337,194878,254459,51083,16457,34626,2350835,1124528,1226307,2267267,1081798,1185469,1182172,586589,595583,37.1,35.6,38.6
Missouri,6087203,2987777,3099426,374896,191729,183167,384100,196422,187678,388296,198598,189698,394746,202414,192332,421689,215780,205909,411941,206810,205131,399366,199606,199760,380150,190022,190128,348961,172746,176215,375075,185527,189548,413386,203355,210031,432831,210692,222139,381341,182563,198778,328156,154473,173683,233334,107848,125486,169330,75255,94075,120812,50415,70397,128793,43522,85271,1386057,708852,677205,374896,191729,183167,695583,355673,339910,315578,161450,154128,3720721,1847412,1873309,577670,296091,281579,1540418,769184,771234,1602633,782137,820496,980425,431513,548912,128793,43522,85271,4860849,2360755,2500094,4701146,2278925,2422221,2356853,1187378,1169475,38.5,37.1,39.9
Montana,1040863,523990,516873,62691,32116,30575,64076,32932,31144,63295,32304,30991,63648,33214,30434,74055,39189,34866,66924,34479,32445,65990,33741,32249,63734,32873,30861,55892,28465,27427,58730,29618,29112,66661,33112,33549,76755,37419,39336,75210,36927,38283,65488,32996,32492,43881,21927,21954,30877,14959,15918,20482,9314,11168,22474,8405,14069,227957,116968,110989,62691,32116,30575,114884,58919,55965,50382,25933,24449,629704,319421,310283,99808,52787,47021,252540,129558,122982,277356,137076,140280,183202,87601,95601,22474,8405,14069,838195,420236,417959,812906,407022,405884,390243,201961,188282,39.7,38.6,40.9
Nebraska,1905924,950719,955205,132677,68198,64479,133164,68374,64790,131304,67095,64209,129224,65941,63283,139415,71379,68036,123957,64272,59685,129955,66382,63573,121800,62166,59634,108551,55026,53525,109481,55493,53988,119607,59976,59631,126787,62929,63858,113933,55956,57977,95545,46162,49383,63821,30196,33625,47528,21236,26292,36338,15070,21268,42837,14868,27969,473700,242826,230874,132677,68198,64479,238923,122472,116451,102100,52156,49944,1146155,580361,565794,192084,98161,93923,484263,247846,236417,469808,234354,235454,286069,127532,158537,42837,14868,27969,1483158,734048,749110,1432224,707893,724331,752902,385166,367736,36.3,35.3,37.4
Nevada,2919772,1465904,1453868,182296,93526,88770,191352,97701,93651,188079,95786,92293,177304,91485,85819,181804,93137,88667,216905,110190,106715,208213,105921,102292,198022,100508,97514,188131,94856,93275,196333,100063,96270,193481,98434,95047,187614,93588,94026,171915,82876,89039,158898,76742,82156,115386,55831,59555,77107,37272,39835,46617,21708,24909,40315,16280,24035,674878,345194,329684,182296,93526,88770,342470,174602,167868,150112,77066,73046,1806571,912877,893694,245957,126441,119516,811271,411475,399796,749343,374961,374382,438323,207833,230490,40315,16280,24035,2320214,1159371,1160843,2244894,1120710,1124184,1170379,596097,574282,37.8,37.1,38.5
New Hampshire,1342373,664614,677759,64434,33089,31345,70752,36168,34584,77857,39550,38307,86734,44281,42453,91745,46827,44918,81696,42607,39089,79663,40403,39260,75918,38043,37875,77485,38348,39137,94703,47017,47686,107086,52744,54342,110916,54575,56341,95677,47076,48601,81634,39897,41737,54510,26050,28460,35792,16498,19294,26107,11211,14896,29664,10230,19434,262630,134381,128249,64434,33089,31345,132604,67542,65062,65592,33750,31842,852036,426347,425689,128892,65534,63358,314762,159401,155361,408382,201412,206970,227707,103886,123821,29664,10230,19434,1113080,547501,565579,1079743,530233,549510,493241,250509,242732,42.9,41.6,44.1
New Jersey,8874516,4332125,4542391,520670,265609,255061,540165,275544,264621,560357,285911,274446,564070,289535,274535,563578,287880,275698,563143,288744,274399,569113,285819,283294,569832,282117,287715,564711,278953,285758,625726,305071,320655,664240,323534,340706,647933,314452,333481,543248,259129,284119,451950,210066,241884,324560,146063,178497,230286,98826,131460,169144,67876,101268,201790,66996,134794,1970490,1005791,964699,520670,265609,255061,988104,504275,483829,461716,235907,225809,5526296,2736507,2789789,778350,398688,379662,2266799,1135633,1131166,2481147,1202186,1278961,1377730,589827,787903,201790,66996,134794,7138384,3446327,3692057,6904026,3326334,3577692,3394447,1713048,1681399,39.9,38.3,41.5
New Mexico,2092789,1036316,1056473,129960,66558,63402,140135,71408,68727,139813,70915,68898,139713,71395,68318,147911,77105,70806,143407,74507,68900,139653,71560,68093,128068,64804,63264,116896,58013,58883,120775,59800,60975,131887,64197,67690,141408,68079,73329,132342,62273,70069,119597,56928,62669,83277,39231,44046,58765,27033,31732,39923,17451,22472,39259,15059,24200,494785,251909,242876,129960,66558,63402,252392,128262,124130,112433,57089,55344,1257183,628705,628478,202747,105472,97275,528024,268884,259140,526412,254349,272063,340821,155702,185119,39259,15059,24200,1654859,813250,841609,1598004,784407,813597,815648,417384,398264,37.5,36.1,39.0
New York,19641589,9533756,10107833,1167938,597517,570421,1129174,577314,551860,1137121,580793,556328,1218400,619641,598759,1358657,682576,676081,1494774,747856,746918,1378500,686240,692260,1255236,619785,635451,1177662,576738,600924,1302975,635397,667578,1385281,671007,714274,1372361,660852,711509,1190189,565800,624389,1015767,471058,544709,711783,317626,394157,517162,220625,296537,378126,152382,225744,450483,150549,299934,4148280,2120271,2028009,1167938,597517,570421,2037406,1041385,996021,942936,481369,461567,12419988,6101245,6318743,1863010,937570,925440,5306172,2630619,2675553,5250806,2533056,2717750,3073321,1312240,1761081,450483,150549,299934,15972773,7658552,8314221,15493309,7413485,8079824,7883229,3932836,3950393,38.7,37.1,40.2
North Carolina,10156679,4944822,5211857,605541,308985,296556,637509,324987,312522,650863,331726,319137,675839,343733,332106,705655,367665,337990,696542,347498,349044,645741,317209,328532,643802,314130,329672,643998,314948,329050,690533,338125,352408,693617,336764,356853,682020,326408,355612,615734,287936,327798,552341,256114,296227,390945,179107,211838,266301,116818,149483,182259,73659,108600,177439,59010,118429,2293557,1168832,1124725,605541,308985,296556,1158612,590692,567920,529404,269155,260249,6293837,3091282,3202555,981850,508264,473586,2630083,1293785,1336298,2681904,1289233,1392671,1569285,684708,884577,177439,59010,118429,8128700,3910731,4217969,7863122,3775990,4087132,4011577,2005183,2006394,38.6,37.0,40.0
North Dakota,754353,387067,367286,54224,27703,26521,49671,25400,24271,45515,23269,22246,47622,24791,22831,66560,35486,31074,60396,33284,27112,54264,29263,25001,46918,25106,21812,39263,20752,18511,40015,20695,19320,45109,22982,22127,50049,25435,24614,45080,23019,22061,35012,17854,17158,23803,11509,12294,17807,8085,9722,14518,6048,8470,18527,6386,12141,175365,89694,85671,54224,27703,26521,86628,44362,42266,34513,17629,16884,469321,247491,221830,88227,46955,41272,200841,108405,92436,180253,92131,88122,109667,49882,59785,18527,6386,12141,596313,306274,290039,578988,297373,281615,315023,168682,146341,34.9,34.0,36.0
Ohio,11635003,5700271,5934732,698919,357438,341481,716025,366119,349906,739159,376978,362181,769629,394487,375142,778197,395571,382626,781604,394863,386741,724801,361464,363337,704916,351351,353565,677100,335531,341569,749344,371478,377866,798370,392020,406350,847393,411819,435574,758318,365912,392406,648587,306078,342509,435120,199444,235676,322266,140126,182140,230033,93595,136438,255222,85997,169225,2618182,1338273,1279909,698919,357438,341481,1306255,667247,639008,613008,313588,299420,7125593,3536758,3588835,1083747,552320,531427,2888421,1443209,1445212,3153425,1541229,1612196,1891228,825240,1065988,255222,85997,169225,9327393,4521074,4806319,9016821,4361998,4654823,4436247,2233267,2202980,39.3,37.8,40.8
Oklahoma,3926769,1945582,1981187,265752,136076,129676,271554,138548,133006,266389,136281,130108,263051,135399,127652,280934,146217,134717,277371,140607,136764,269268,136220,133048,250429,126550,123879,228506,114450,114056,230603,115573,115030,246095,121839,124256,257092,124867,132225,230364,110691,119673,197894,93651,104243,143741,66349,77392,104519,46649,57870,72563,30462,42101,70644,25153,45491,962405,492035,470370,265752,136076,129676,485409,247920,237489,211244,108039,103205,2375003,1191283,1183720,385275,200486,184789,1025574,517827,507747,964154,472970,491184,589361,262264,327097,70644,25153,45491,3070577,1507889,1562688,2964364,1453547,1510817,1569559,799443,770116,36.3,35.1,37.5
Oregon,4091404,2027338,2064066,234004,120342,113662,244539,124882,119657,242807,124345,118462,246953,126553,120400,266183,135873,130310,289035,146870,142165,288242,145282,142960,279635,140995,138640,255429,129466,125963,259132,130795,128337,256356,127092,129264,274488,132764,141724,272836,130489,142347,245937,117893,128044,166725,79064,87661,111844,51985,59859,73725,32366,41359,83534,30282,53252,870667,446231,424436,234004,120342,113662,439478,224684,214794,197185,101205,95980,2538972,1269517,1269455,363819,185764,178055,1112341,562613,549728,1062812,521140,541672,681765,311590,370175,83534,30282,53252,3320817,1632604,1688213,3220737,1581107,1639630,1625477,825039,800438,39.1,38.1,40.2
Pennsylvania,12783538,6259149,6524389,711230,363782,347448,732884,374777,358107,754124,385485,368639,822482,419653,402829,845221,430226,414995,864585,441331,423254,806155,407696,398459,753934,376759,377175,726404,361479,364925,831622,411717,419905,903419,443354,460065,949073,462781,486292,855762,413578,442184,729778,346387,383391,507914,232624,275290,373105,163305,209800,280158,113391,166767,335688,110824,224864,2675025,1369195,1305830,711230,363782,347448,1335792,682936,652856,628003,322477,305526,7881870,3923423,3958447,1190916,604728,586188,3151078,1587265,1563813,3539876,1731430,1808446,2226643,966531,1260112,335688,110824,224864,10428804,5054940,5373864,10108513,4889954,5218559,4818781,2437144,2381637,40.7,39.0,42.4
Rhode Island,1057063,513784,543279,54705,28003,26702,56118,28789,27329,60171,30858,29313,72911,36352,36559,79412,40104,39308,76113,38938,37175,67422,34113,33309,62858,31281,31577,60229,29739,30490,70061,33923,36138,76870,37122,39748,77948,37315,40633,68698,32719,35979,57049,27034,30015,39882,18395,21487,27646,11879,15767,20825,8345,12480,28145,8875,19270,209001,107042,101959,54705,28003,26702,104178,53403,50775,50118,25636,24482,674515,332214,342301,114316,57064,57252,266622,134071,132551,293577,141079,152498,173547,74528,99019,28145,8875,19270,873689,419757,453932,848062,406742,441320,418945,210527,208418,39.9,38.1,41.8
South Carolina,4958235,2406862,2551373,291750,148628,143122,310084,157306,152778,307410,156132,151278,319755,163922,155833,339662,175381,164281,343146,169652,173494,311155,152979,158176,304118,148811,155307,294581,143428,151153,315829,153590,162239,334971,160849,174122,338291,160308,177983,317869,147013,170856,299612,139557,160055,212596,98720,113876,142012,63895,78117,91252,38304,52948,84142,28387,55755,1097751,557871,539880,291750,148628,143122,556463,282482,273981,249538,126761,122777,3030870,1480128,1550742,470910,243498,227412,1253000,614870,638130,1306960,621760,685200,829614,368863,460751,84142,28387,55755,3986184,1912896,2073288,3860484,1848991,2011493,1912417,954173,958244,39.2,37.6,40.7
South Dakota,862890,435166,427724,61662,31595,30067,60562,31227,29335,57981,29609,28372,56667,29431,27236,60691,31637,29054,56569,29536,27033,56641,29587,27054,52855,27202,25653,45777,23654,22123,47550,24306,23244,54176,27275,26901,59413,29535,29878,55716,27925,27791,46858,23578,23280,30040,14592,15448,21701,9976,11725,17203,7334,9869,20828,7167,13661,213763,109941,103822,61662,31595,30067,107546,55233,52313,44555,23113,21442,512497,262578,249919,83800,43558,40242,211842,109979,101863,216855,109041,107814,136630,62647,73983,20828,7167,13661,671652,337014,334638,649127,325225,323902,329200,171047,158153,36.8,35.8,37.9
Tennessee,6645011,3240885,3404126,405705,207384,198321,415662,211581,204081,421400,214593,206807,422928,216636,206292,450644,227789,222855,467103,232090,235013,428677,212307,216370,420114,207118,212996,410092,202154,207938,438383,215797,222586,455219,221357,233862,453384,217408,235976,411349,193774,217575,367345,173030,194315,259215,120455,138760,180933,80181,100752,120915,48848,72067,115943,38383,77560,1502872,766821,736051,405705,207384,198321,753042,383338,369704,344125,176099,168026,4097788,2013167,2084621,613467,311162,302305,1725986,853669,872317,1758335,848336,909999,1044351,460897,583454,115943,38383,77560,5316221,2563307,2752914,5142139,2474064,2668075,2599558,1298094,1301464,38.7,37.3,40.0
Texas,27937492,13878842,14058650,2009230,1026540,982690,2048807,1044088,1004719,2040724,1039691,1001033,1984810,1016199,968611,2007140,1038201,968939,2084501,1063458,1021043,2035631,1031224,1004407,1930185,968811,961374,1821709,906351,915358,1786396,888898,897498,1739371,860959,878412,1682681,823859,858822,1432210,686181,746029,1184885,558769,626116,816443,377598,438845,564125,250936,313189,386572,161548,225024,382072,135531,246541,7316473,3730435,3586038,2009230,1026540,982690,3687275,1878839,1808436,1619968,825056,794912,17286922,8664025,8622897,2774238,1434284,1339954,7872026,3969844,3902182,6640658,3259897,3380761,3334097,1484382,1849715,382072,135531,246541,21430216,10560789,10869427,20621019,10148407,10472612,11863976,6024244,5839732,34.4,33.4,35.4
Utah,3042613,1531594,1511019,253320,130012,123308,261884,134641,127243,257274,132036,125238,237055,120835,116220,251638,128957,122681,229955,117435,112520,220173,111267,108906,224305,114144,110161,184766,94155,90611,161677,82262,79415,150936,75293,75643,153332,75351,77981,136545,66930,69615,112737,54531,58206,78028,36721,41307,54916,25403,29513,37941,16930,21011,36131,14691,21440,920274,472636,447638,253320,130012,123308,469351,241099,228252,197603,101525,96078,1802586,910682,891904,340897,173845,167052,859199,437001,422198,602490,299836,302654,319753,148276,171477,36131,14691,21440,2220526,1109445,1111081,2122339,1058958,1063381,1347892,686793,661099,30.7,30.1,31.3
Vermont,623644,308035,315609,30227,15694,14533,31903,16410,15493,34075,17553,16522,42973,21987,20986,46792,24197,22595,36247,18728,17519,35969,17946,18023,35138,17321,17817,34335,17083,17252,40351,19819,20532,45935,22357,23578,50239,24502,25737,46604,22819,23785,40514,19812,20702,27457,13195,14262,18157,8360,9797,12594,5421,7173,14134,4831,9303,118288,61048,57240,30227,15694,14533,59138,30524,28614,28923,14830,14093,392500,195368,197132,67682,34793,32889,141689,71078,70611,183129,89497,93632,112856,51619,61237,14134,4831,9303,520386,254776,265610,505356,246987,258369,231454,117262,114192,42.8,41.3,44.2
Virginia,8410946,4138074,4272872,512339,262609,249730,517478,263837,253641,521774,265846,255928,539046,274463,264583,587587,305507,282080,594098,301570,292528,581626,292002,289624,557806,277610,280196,528598,262389,266209,565718,278184,287534,594534,291000,303534,579401,281087,298314,500469,238010,262459,431698,202653,229045,303634,140072,163562,208932,93059,115873,140875,58488,82387,145333,49688,95645,1869126,954371,914755,512339,262609,249730,935467,476905,458562,421320,214857,206463,5311348,2639743,2671605,809098,417891,391207,2262128,1133571,1128557,2240122,1088281,1151841,1230472,543960,686512,145333,49688,95645,6753786,3292049,3461737,6541820,3183703,3358117,3388761,1713541,1675220,38.1,36.8,39.4
Washington,7294680,3646424,3648256,452914,232134,220780,462368,236312,226056,445604,227377,218227,444897,228859,216038,484468,253054,231414,553597,287351,266246,536486,274354,262132,497355,252876,244479,450266,227570,222696,471786,238477,233309,476321,237565,238756,491750,242345,249405,453970,219177,234793,389036,185976,203060,263756,125242,138514,173560,80508,93052,115849,50356,65493,130697,46891,83806,1632931,835354,797577,452914,232134,220780,820509,419183,401326,359508,184037,175471,4588851,2322097,2266754,657320,342382,314938,2037704,1042151,995553,1893827,937564,956263,1072898,488973,583925,130697,46891,83806,5843817,2904565,2939252,5661749,2811070,2850679,2967069,1524064,1443005,37.6,36.6,38.7
West Virginia,1830929,905616,925313,100504,51248,49256,103334,52919,50415,105208,54023,51185,109324,56378,52946,118370,60905,57465,112807,57930,54877,105357,53694,51663,111605,56151,55454,110961,55876,55085,118236,59404,58832,124524,61700,62824,135011,65953,69058,130562,63306,67256,121408,58874,62534,81904,39040,42864,60658,27483,33175,40812,16790,24022,40344,13942,26402,374348,191618,182730,100504,51248,49256,187380,96121,91259,86464,44249,42215,1111455,557869,553586,162392,83855,78537,440730,223651,217079,508333,250363,257970,345126,156129,188997,40344,13942,26402,1500412,736322,764090,1456581,713998,742583,668424,340934,327490,42.3,40.9,43.6
Wisconsin,5772958,2870423,2902535,337002,172277,164725,357734,182881,174853,367399,188046,179353,381456,194598,186858,406521,206800,199721,357640,184447,173193,369383,186736,182647,358373,181776,176597,328915,166100,162815,367729,185156,182573,411362,204727,206635,428153,212397,215756,378580,187349,191231,315583,154640,160943,213283,101282,112001,153628,69811,83817,111995,47526,64469,128222,43874,84348,1288341,658943,629398,337002,172277,164725,651840,333522,318318,299499,153144,146355,3561906,1794347,1767559,561771,285659,276112,1414311,719059,695252,1585824,789629,796195,922711,417133,505578,128222,43874,84348,4635966,2288921,2347045,4484617,2211480,2273137,2202288,1120457,1081831,39.3,38.2,40.4
Wyoming,584290,298461,285829,37881,19743,18138,40363,20539,19824,38465,19840,18625,36448,18937,17511,40312,21478,18834,40249,20980,19269,41232,21457,19775,38077,19866,18211,33127,17274,15853,32782,16994,15788,35758,18092,17666,41824,21068,20756,39440,20010,19430,32305,16459,15846,21226,10516,10710,14592,6960,7632,9682,4256,5426,10527,3992,6535,138773,71585,67188,37881,19743,18138,71483,36560,34923,29409,15282,14127,357185,184693,172492,54696,28952,25744,152685,79577,73108,149804,76164,73640,88332,42183,46149,10527,3992,6535,460337,234626,225711,445517,226876,218641,229445,119992,109453,37.1,36.5,37.9
